{
    "SceneName": "Scene",
    "GameObjects": [
        {
            "name": "Cube",
            "position": {
                "x": -1.1329631805419922,
                "y": -0.0007086992263793945,
                "z": 7.162968158721924
            }
        },
        {
            "name": "Light",
            "position": {
                "x": 4.076245307922363,
                "y": 1.0054539442062378,
                "z": 5.903861999511719
            }
        },
        {
            "name": "Camera",
            "position": {
                "x": 7.358891487121582,
                "y": -6.925790786743164,
                "z": 4.958309173583984
            }
        }
    ]
}