{
    "SceneName": "Scene",
    "GameObjects": [
        {
            "name": "Cube",
            "position": {
                "local": {
                    "x": 0.0,
                    "y": 0.0,
                    "z": 0.0
                },
                "world": {
                    "x": 0.0,
                    "y": 0.0,
                    "z": 0.0
                }
            },
            "rotation": {
                "local": {
                    "x": 0.0,
                    "y": 0.0,
                    "z": 0.0
                },
                "world": {
                    "x": 0.0,
                    "y": -0.0,
                    "z": 0.0
                }
            },
            "scale": {
                "local": {
                    "x": 1.0,
                    "y": 1.0,
                    "z": 1.0
                },
                "world": {
                    "x": 1.0,
                    "y": 1.0,
                    "z": 1.0
                }
            },
            "type": "Mesh",
            "parent": null,
            "CustomProperties": {
                "prop": 0
            }
        },
        {
            "name": "Light",
            "position": {
                "local": {
                    "x": 0.4698028564453125,
                    "y": -2.413188934326172,
                    "z": -1.3493905067443848
                },
                "world": {
                    "x": 0.4698028564453125,
                    "y": -2.413188934326172,
                    "z": -1.3493905067443848
                }
            },
            "rotation": {
                "local": {
                    "x": 0.6503279805183411,
                    "y": 0.055217113345861435,
                    "z": 1.8663908243179321
                },
                "world": {
                    "x": 0.6503280401229858,
                    "y": 0.055217109620571136,
                    "z": 1.8663908243179321
                }
            },
            "scale": {
                "local": {
                    "x": 1.0,
                    "y": 1.0,
                    "z": 1.0
                },
                "world": {
                    "x": 1.0,
                    "y": 0.9999999403953552,
                    "z": 1.0
                }
            },
            "type": "Light",
            "parent": null,
            "CustomProperties": {}
        },
        {
            "name": "Camera",
            "position": {
                "local": {
                    "x": 12.710983276367188,
                    "y": -13.21612548828125,
                    "z": 10.035755157470703
                },
                "world": {
                    "x": 12.710983276367188,
                    "y": -13.21612548828125,
                    "z": 10.035755157470703
                }
            },
            "rotation": {
                "local": {
                    "x": 1.1093189716339111,
                    "y": 0.0,
                    "z": 0.8149281740188599
                },
                "world": {
                    "x": 1.1093189716339111,
                    "y": -0.0,
                    "z": 0.8149281740188599
                }
            },
            "scale": {
                "local": {
                    "x": 1.0,
                    "y": 1.0,
                    "z": 1.0
                },
                "world": {
                    "x": 1.0,
                    "y": 1.0,
                    "z": 1.0
                }
            },
            "type": "Camera",
            "parent": null,
            "CustomProperties": {}
        },
        {
            "name": "Cube.001",
            "position": {
                "local": {
                    "x": 1.9990320205688477,
                    "y": 1.0381441116333008,
                    "z": -2.8295559883117676
                },
                "world": {
                    "x": 1.9990320205688477,
                    "y": 1.0381441116333008,
                    "z": -2.8295559883117676
                }
            },
            "rotation": {
                "local": {
                    "x": 0.0,
                    "y": 0.0,
                    "z": 0.0
                },
                "world": {
                    "x": 0.0,
                    "y": -0.0,
                    "z": 0.0
                }
            },
            "scale": {
                "local": {
                    "x": 0.12999999523162842,
                    "y": 8.479999542236328,
                    "z": 0.21000003814697266
                },
                "world": {
                    "x": 0.12999999523162842,
                    "y": 8.479999542236328,
                    "z": 0.21000003814697266
                }
            },
            "type": "Mesh",
            "parent": "Cube",
            "CustomProperties": {}
        },
        {
            "name": "Cube.002",
            "position": {
                "local": {
                    "x": 1.196272611618042,
                    "y": 3.7256577014923096,
                    "z": 0.8252556324005127
                },
                "world": {
                    "x": 1.196272611618042,
                    "y": 3.7256577014923096,
                    "z": 0.8252556324005127
                }
            },
            "rotation": {
                "local": {
                    "x": 0.0,
                    "y": 0.0,
                    "z": 0.0
                },
                "world": {
                    "x": 0.0,
                    "y": -0.0,
                    "z": 0.0
                }
            },
            "scale": {
                "local": {
                    "x": 0.27000004053115845,
                    "y": 0.25,
                    "z": 8.149999618530273
                },
                "world": {
                    "x": 0.27000004053115845,
                    "y": 0.25,
                    "z": 8.149999618530273
                }
            },
            "type": "Mesh",
            "parent": "Cube",
            "CustomProperties": {}
        },
        {
            "name": "Cube.003",
            "position": {
                "local": {
                    "x": -2.5719985961914062,
                    "y": -2.8361332416534424,
                    "z": 2.42330002784729
                },
                "world": {
                    "x": -2.5719985961914062,
                    "y": -2.8361332416534424,
                    "z": 2.42330002784729
                }
            },
            "rotation": {
                "local": {
                    "x": 0.0,
                    "y": 0.0,
                    "z": 0.0
                },
                "world": {
                    "x": 0.0,
                    "y": -0.0,
                    "z": 0.0
                }
            },
            "scale": {
                "local": {
                    "x": 0.20000004768371582,
                    "y": 0.2200000286102295,
                    "z": 3.2200000286102295
                },
                "world": {
                    "x": 0.20000004768371582,
                    "y": 0.2200000286102295,
                    "z": 3.2200000286102295
                }
            },
            "type": "Mesh",
            "parent": "Cube",
            "CustomProperties": {}
        },
        {
            "name": "Cube.004",
            "position": {
                "local": {
                    "x": -0.5065736770629883,
                    "y": -2.3643717765808105,
                    "z": -2.6116321086883545
                },
                "world": {
                    "x": -0.5065736770629883,
                    "y": -2.3643717765808105,
                    "z": -2.6116321086883545
                }
            },
            "rotation": {
                "local": {
                    "x": 0.0,
                    "y": 0.0,
                    "z": 0.0
                },